category,image
Ankle boot,img/fashion0.png
T-shirt,img/fashion1.png
T-shirt,img/fashion2.png
Dress,img/fashion3.png
T-shirt,img/fashion4.png
Pullover,img/fashion5.png
Sneaker,img/fashion6.png
Pullover,img/fashion7.png
Sandal,img/fashion8.png
Sandal,img/fashion9.png
T-shirt,img/fashion10.png
Ankle boot,img/fashion11.png
Sandal,img/fashion12.png
Sandal,img/fashion13.png
Sneaker,img/fashion14.png
Ankle boot,img/fashion15.png
Trouser,img/fashion16.png
T-shirt,img/fashion17.png
Shirt,img/fashion18.png
Coat,img/fashion19.png
Dress,img/fashion20.png
Trouser,img/fashion21.png
Coat,img/fashion22.png
Bag,img/fashion23.png
Coat,img/fashion24.png
Dress,img/fashion25.png
T-shirt,img/fashion26.png
Pullover,img/fashion27.png
Coat,img/fashion28.png
Coat,img/fashion29.png
Sandal,img/fashion30.png
Dress,img/fashion31.png
Shirt,img/fashion32.png
Shirt,img/fashion33.png
T-shirt,img/fashion34.png
Bag,img/fashion35.png
Sandal,img/fashion36.png
Pullover,img/fashion37.png
Trouser,img/fashion38.png
Shirt,img/fashion39.png
Shirt,img/fashion40.png
Sneaker,img/fashion41.png
Ankle boot,img/fashion42.png
Sandal,img/fashion43.png
Ankle boot,img/fashion44.png
Pullover,img/fashion45.png
Sneaker,img/fashion46.png
Dress,img/fashion47.png
T-shirt,img/fashion48.png
Dress,img/fashion49.png
Dress,img/fashion50.png
Dress,img/fashion51.png
Sneaker,img/fashion52.png
Pullover,img/fashion53.png
Pullover,img/fashion54.png
Shirt,img/fashion55.png
Shirt,img/fashion56.png
Bag,img/fashion57.png
Dress,img/fashion58.png
Dress,img/fashion59.png
Sandal,img/fashion60.png
T-shirt,img/fashion61.png
Sandal,img/fashion62.png
Sandal,img/fashion63.png
T-shirt,img/fashion64.png
Pullover,img/fashion65.png
T-shirt,img/fashion66.png
T-shirt,img/fashion67.png
Coat,img/fashion68.png
Trouser,img/fashion69.png
Dress,img/fashion70.png
Trouser,img/fashion71.png
Shirt,img/fashion72.png
Dress,img/fashion73.png
Trouser,img/fashion74.png
Coat,img/fashion75.png
Coat,img/fashion76.png
Shirt,img/fashion77.png
Trouser,img/fashion78.png
Ankle boot,img/fashion79.png
Trouser,img/fashion80.png
Dress,img/fashion81.png
Sandal,img/fashion82.png
Sneaker,img/fashion83.png
Ankle boot,img/fashion84.png
Sneaker,img/fashion85.png
Trouser,img/fashion86.png
Sneaker,img/fashion87.png
Ankle boot,img/fashion88.png
Ankle boot,img/fashion89.png
Ankle boot,img/fashion90.png
Dress,img/fashion91.png
Pullover,img/fashion92.png
Ankle boot,img/fashion93.png
Dress,img/fashion94.png
Shirt,img/fashion95.png
Coat,img/fashion96.png
Trouser,img/fashion97.png
Trouser,img/fashion98.png
Bag,img/fashion99.png
Bag,img/fashion100.png
